{
    "espana": [
        {
            "id": 1,
            "name": "Paella Valenciana",
            "image": "https://spoonacular.com/recipeImages/655244-312x231.jpg",
            "ingredients": [
                "Arroz bomba",
                "Pollo",
                "Mariscos",
                "Pimientos",
                "Azafrán",
                "Caldo de pescado"
            ],
            "video": "https://www.youtube.com/embed/1234567890",
            "instructions": "Instrucciones detalladas para preparar la paella"
        },
        {
            "id": 2,
            "name": "Gazpacho Andaluz",
            "image": "https://spoonacular.com/recipeImages/655247-312x231.jpg",
            "ingredients": [
                "Tomates",
                "Pimientos",
                "Cebolla",
                "Ajo",
                "Pan",
                "Aceite de oliva"
            ],
            "video": "https://www.youtube.com/embed/1234567890",
            "instructions": "Instrucciones detalladas para preparar el gazpacho"
        }
        // ... agregar más recetas aquí
    ],
    "argentina": [
        {
            "id": 10001,
            "name": "Asado",
            "image": "https://spoonacular.com/recipeImages/655245-312x231.jpg",
            "ingredients": [
                "Bife de chorizo",
                "Costillas",
                "Chorizo",
                "Mollejas",
                "Chimichurri"
            ],
            "video": "https://www.youtube.com/embed/1234567890",
            "instructions": "Instrucciones detalladas para preparar el asado"
        },
        {
            "id": 10002,
            "name": "Empanadas",
            "image": "https://spoonacular.com/recipeImages/655251-312x231.jpg",
            "ingredients": [
                "Harina",
                "Carne picada",
                "Cebolla",
                "Ajo",
                "Pimentón",
                "Aceitunas"
            ],
            "video": "https://www.youtube.com/embed/1234567890",
            "instructions": "Instrucciones detalladas para preparar empanadas"
        }
        // ... agregar más recetas aquí
    ],
    "francia": [
        {
            "id": 20001,
            "name": "Ratatouille",
            "image": "https://spoonacular.com/recipeImages/655246-312x231.jpg",
            "ingredients": [
                "Berenjenas",
                "Pimientos",
                "Calabacín",
                "Tomates",
                "Ajo",
                "Aceite de oliva"
            ],
            "video": "https://www.youtube.com/embed/1234567890",
            "instructions": "Instrucciones detalladas para preparar la ratatouille"
        },
        {
            "id": 20002,
            "name": "Coq au Vin",
            "image": "https://spoonacular.com/recipeImages/655255-312x231.jpg",
            "ingredients": [
                "Pollo",
                "Vino tinto",
                "Cebolla",
                "Zanahoria",
                "Setas",
                "Ajo"
            ],
            "video": "https://www.youtube.com/embed/1234567890",
            "instructions": "Instrucciones detalladas para preparar coq au vin"
        }
        // ... agregar más recetas aquí
    ]
}
