{
    "espana": [
        {
            "id": 1,
            "name": "Paella Valenciana",
            "image": "https://spoonacular.com/recipeImages/655244-312x231.jpg",
            "ingredients": [
                "Arroz bomba",
                "Pollo",
                "Mariscos",
                "Pimientos",
                "Azafrán",
                "Caldo de pescado"
            ],
            "video": "https://www.youtube.com/embed/1234567890",
            "instructions": "Instrucciones detalladas para preparar la paella"
        },
        {
            "id": 2,
            "name": "Gazpacho Andaluz",
            "image": "https://spoonacular.com/recipeImages/655247-312x231.jpg",
            "ingredients": [
                "Tomates",
                "Pimientos",
                "Cebolla",
                "Ajo",
                "Pan",
                "Aceite de oliva"
            ],
            "video": "https://www.youtube.com/embed/1234567890",
            "instructions": "Instrucciones detalladas para preparar el gazpacho"
        },
        {
            "id": 3,
            "name": "Fabada Asturiana",
            "image": "https://spoonacular.com/recipeImages/655248-312x231.jpg",
            "ingredients": [
                "Fabes",
                "Chorizo",
                "Morcilla",
                "Lomo",
                "Salchicha",
                "Ajo"
            ],
            "video": "https://www.youtube.com/embed/1234567890",
            "instructions": "Instrucciones detalladas para preparar la fabada"
        },
        {
            "id": 4,
            "name": "Tortilla Española",
            "image": "https://spoonacular.com/recipeImages/655249-312x231.jpg",
            "ingredients": [
                "Patatas",
                "Cebolla",
                "Huevos",
                "Aceite de oliva",
                "Sal"
            ],
            "video": "https://www.youtube.com/embed/1234567890",
            "instructions": "Instrucciones detalladas para preparar la tortilla española"
        },
        {
            "id": 5,
            "name": "Churros",
            "image": "https://spoonacular.com/recipeImages/655250-312x231.jpg",
            "ingredients": [
                "Harina",
                "Agua",
                "Azúcar",
                "Aceite",
                "Canela"
            ],
            "video": "https://www.youtube.com/embed/1234567890",
            "instructions": "Instrucciones detalladas para preparar churros"
        }
    ],
    "argentina": [
        {
            "id": 6,
            "name": "Asado",
            "image": "https://spoonacular.com/recipeImages/655245-312x231.jpg",
            "ingredients": [
                "Bife de chorizo",
                "Costillas",
                "Chorizo",
                "Mollejas",
                "Chimichurri"
            ],
            "video": "https://www.youtube.com/embed/1234567890",
            "instructions": "Instrucciones detalladas para preparar el asado"
        },
        {
            "id": 7,
            "name": "Empanadas",
            "image": "https://spoonacular.com/recipeImages/655251-312x231.jpg",
            "ingredients": [
                "Harina",
                "Carne picada",
                "Cebolla",
                "Ajo",
                "Pimentón",
                "Aceitunas"
            ],
            "video": "https://www.youtube.com/embed/1234567890",
            "instructions": "Instrucciones detalladas para preparar empanadas"
        },
        {
            "id": 8,
            "name": "Locro",
            "image": "https://spoonacular.com/recipeImages/655252-312x231.jpg",
            "ingredients": [
                "Maíz",
                "Frijoles",
                "Carne",
                "Calabaza",
                "Ajo",
                "Cebolla"
            ],
            "video": "https://www.youtube.com/embed/1234567890",
            "instructions": "Instrucciones detalladas para preparar locro"
        },
        {
            "id": 9,
            "name": "Dulce de Leche",
            "image": "https://spoonacular.com/recipeImages/655253-312x231.jpg",
            "ingredients": [
                "Leche",
                "Azúcar",
                "Vainilla"
            ],
            "video": "https://www.youtube.com/embed/1234567890",
            "instructions": "Instrucciones detalladas para preparar dulce de leche"
        },
        {
            "id": 10,
            "name": "Milanesa",
            "image": "https://spoonacular.com/recipeImages/655254-312x231.jpg",
            "ingredients": [
                "Carne de ternera",
                "Pan rallado",
                "Huevo",
                "Harina",
                "Aceite"
            ],
            "video": "https://www.youtube.com/embed/1234567890",
            "instructions": "Instrucciones detalladas para preparar milanesa"
        }
    ],
    "francia": [
        {
            "id": 11,
            "name": "Ratatouille",
            "image": "https://spoonacular.com/recipeImages/655246-312x231.jpg",
            "ingredients": [
                "Berenjenas",
                "Pimientos",
                "Calabacín",
                "Tomates",
                "Ajo",
                "Aceite de oliva"
            ],
            "video": "https://www.youtube.com/embed/1234567890",
            "instructions": "Instrucciones detalladas para preparar la ratatouille"
        },
        {
            "id": 12,
            "name": "Coq au Vin",
            "image": "https://spoonacular.com/recipeImages/655255-312x231.jpg",
            "ingredients": [
                "Pollo",
                "Vino tinto",
                "Cebolla",
                "Zanahoria",
                "Setas",
                "Ajo"
            ],
            "video": "https://www.youtube.com/embed/1234567890",
            "instructions": "Instrucciones detalladas para preparar coq au vin"
        },
        {
            "id": 13,
            "name": "Bouillabaisse",
            "image": "https://spoonacular.com/recipeImages/655256-312x231.jpg",
            "ingredients": [
                "Pescado",
                "Mariscos",
                "Tomates",
                "Azafrán",
                "Ajo",
                "Aceite de oliva"
            ],
            "video": "https://www.youtube.com/embed/1234567890",
            "instructions": "Instrucciones detalladas para preparar bouillabaisse"
        },
        {
            "id": 14,
            "name": "Croissants",
            "image": "https://spoonacular.com/recipeImages/655257-312x231.jpg",
            "ingredients": [
                "Harina",
                "Manteca",
                "Levadura",
                "Azúcar",
                "Sal"
            ],
            "video": "https://www.youtube.com/embed/1234567890",
            "instructions": "Instrucciones detalladas para preparar croissants"
        },
        {
            "id": 15,
            "name": "Tarte Tatin",
            "image": "https://spoonacular.com/recipeImages/655258-312x231.jpg",
            "ingredients": [
                "Manzanas",
                "Mantequilla",
                "Azúcar",
                "Harina",
                "Huevos",
                "Leche"
            ],
            "video": "https://www.youtube.com/embed/1234567890",
            "instructions": "Instrucciones detalladas para preparar tarte tatin"
        }
    ]
}
